URL,adhoc_rank,Codes
www1.iitb.ac.in,1,e
gate.iitkgp.ac.in,1,
iitbhu.ac.in,1,
ismdhanbad.ac.in,1,
oag.iitk.ac.in:8181,1,
www.aiims.edu,1,
www.bhu.ac.in,1,
www.iimahd.ernet.in,1,
www.iisc.ernet.in,1,
www.iitb.ac.in,1,
www.iitbbs.ac.in,1,
www.iitd.ac.in,1,
www.iitg.ac.in,1,
www.iitgn.ac.in,1,
www.iith.ac.in,1,
www.iiti.ac.in,1,
www.iitj.ac.in,1,
www.iitk.ac.in,1,
www.iitkgp.ac.in,1,
www.iitm.ac.in,1,
www.iitmandi.ac.in,1,
www.iitp.ac.in,1,
www.iitr.ac.in,1,
www.iitrpr.ac.in,1,
www.isical.ac.in,1,
nitschools.com,2,e
www.dce.k12.wi.us,2,e
www.ncaa.com,2,e
www.nita.org,2,e
dtu.ac.in,2,
nitdelhi.ac.in,2,
universe.bits-pilani.ac.in,2,
www.bitmesra.ac.in,2,
www.bits-pilani.ac.in,2,
www.euni.de,2,
www.iiit.ac.in,2,
www.iiita.ac.in,2,
www.iiitd.ac.in,2,
www.iist.ac.in,2,
www.manit.ac.in,2,
www.mnit.ac.in,2,
www.mnnit.ac.in,2,
www.nita.ac.in,2,
www.nitap.in,2,
www.nitc.ac.in,2,
www.nitdgp.ac.in,2,
www.nitgoa.ac.in,2,
www.nith.ac.in,2,
www.nitj.ac.in,2,
www.nitjsr.ac.in,2,
www.nitk.ac.in,2,
www.nitkkr.ac.in,2,
www.nitmz.ac.in,2,
www.nitp.ac.in,2,
www.nitpy.ac.in,2,
www.nitrkl.ac.in,2,
www.nitrr.ac.in,2,
www.nitsri.net,2,
www.nitt.edu,2,
www.nituk.ac.in,2,
www.nitw.ac.in,2,
www.nsit.ac.in,2,
www.thapar.edu,2,
internationalcenter.umich.edu,3,e
mu.ac.in,3,e
archive.mu.ac.in,3,
cca.nic.in,3,
chennai.vit.ac.in,3,
crescentcollege.org,3,
djsce.ac.in,3,
economics.mit.edu,3,
eng.rizvi.edu.in,3,
ipalab.fulton.asu.edu,3,
ksrct.academia.edu,3,
library.spit.ac.in,3,
magnum.mu.ac.in,3,
mctrgit.ac.in,3,
mitindia.edu,3,
muexam.mu.ac.in,3,
online.uptu.ac.in,3,
oxfordec.edu.in,3,
rachanasansad.edu.in,3,
saec.ac.in,3,
tce.academia.edu,3,
timsrmumbai.in,3,
upsmfac.org,3,
www.annauniv.edu,3,
www.bcpindia.org,3,
www.caluniv.ac.in,3,
www.chettinadtech.ac.in,3,
www.crescentcollege.org,3,
www.dmce.edu,3,
www.dpu.edu.in,3,
www.dypic.in,3,
www.frcrce.ac.in,3,
www.hansrajcollege.co.in,3,
www.hindusthan.net,3,
www.hrcollege.edu,3,
www.indiastudycenter.com,3,
www.ipu.ac.in,3,
www.itm.edu,3,
www.jjcet.ac.in,3,
www.jntuh.ac.in,3,
www.jnu.ac.in,3,
www.kccollege.org.in,3,
www.kesshroffcollege.com,3,
www.ku.edu,3,
www.kuk.ac.in,3,
www.mdurohtak.ac.in,3,
www.meenakshicollege.com,3,
www.mepcoeng.ac.in,3,
www.mitindia.edu,3,
www.mkce.ac.in,3,
www.mu.ac.in,3,
www.nec.edu.in,3,
www.nieit.ac.in,3,
www.nift.ac.in,3,
www.niist.res.in,3,
www.osmania.ac.in,3,
www.panimalar.ac.in,3,
www.pec.ac.in,3,
www.peclimited.com,3,
www.punjabcolleges.com,3,
www.sacet.edu.in,3,
www.sairamgroup.in,3,
www.siesascs.net,3,
www.skiet.org,3,
www.smit.edu.in,3,
www.spjimr.org,3,
www.stpetersuniversity.org,3,
www.unipune.ac.in,3,
www.unom.ac.in,3,
www.wilsoncollege.edu,3,
admissionbangalore.com,4,e
college-education.procon.org,4,e
gkv.com,4,e
ifunny.co,4,e
jntuaresults.azurewebsites.net,4,e
mybpstation.com,4,e
pbskids.org,4,e
replay.pokemonshowdown.com,4,e
result.kuk.ac.in,4,e
sigce.edu.in,4,e
tncc.edu,4,e
uorenaissance.com,4,e
wci-prod.sabresonicweb.com,4,e
wikitravel.org,4,e
www.99cef.org.tw,4,e
www.aec.org,4,e
www.aimshospital.org,4,e
www.aitworldwide.com,4,e
www.akcejournal.org,4,e
www.atriaseniorliving.com,4,e
www.au.int,4,e
www.auce-ucc.org,4,e
www.bputcgpacalculator.in,4,e
www.cmstudies.org,4,e
www.crazyengineers.com,4,e
www.crunchbase.com,4,e
www.dalmiacement.com,4,e
www.doctorsintraining.com,4,e
www.livejournal.com,4,e
www.mmu.k12.vt.us,4,e
www.nlm.nih.gov,4,e
www.phoenix.edu,4,e
www.radioshack.com,4,e
www.salzburg.info,4,e
www.stanleytools.com,4,e
www.technion.ac.il,4,e
www.thegitas.com,4,e
www.ucas.com,4,e
www.unscramble.eu,4,e
www.vergers.org,4,e
www.xyzhomework.com,4,e
www2.mcachicago.org,4,e
www.macquarie.com,4,fe
absmids.nitte.edu.in,4,
aces.apeejay.edu,4,
adc.edu.in,4,
adithyatech.edu.in,4,
admission.aglasem.com,4,
admissions.jnu.ac.in,4,
advanced.edu.in,4,
aec.ac.in,4,
aiactr.ac.in,4,
aith.ac.in,4,
aitskadapa.ac.in,4,
aitsrajampet.ac.in,4,
aits-tpt.edu.in,4,
alldistancebetween.com,4,
amcgroup.edu.in,4,
amiesiegel.net,4,
amity.edu,4,
amravati.nic.in,4,
amritasai.org.in,4,
amrvar.academia.edu,4,
anangpuria.com,4,
annamalaiuniversity.ac.in,4,
anurag.ac.in,4,
apengineeringcolleges.info,4,
apolloengg.in,4,
architecture.nmims.edu,4,
arti.edu.in,4,
asrgroup.co.in,4,
astra.edu.in,4,
atharvacoe.ac.in,4,
atmiya.net,4,
atri.edu.in,4,
aut.ac.ir,4,
avanthi.edu.in,4,
avanthicollege.ac.in,4,
avanthienggcollege.ac.in,4,
avniet.ac.in,4,
ba.nccu.edu.tw,4,
balatatec.co.za,4,
banasthali.org,4,
bangaloreuniversity.ac.in,4,
bbdnitm.ac.in,4,
bbdu.ac.in,4,
bbsbec.edu.in,4,
bcud.unipune.ac.in,4,
bdce.edu.in,4,
biotech.dpu.edu.in,4,
bit-bangalore.edu.in,4,
bitdurg.ac.in,4,
bitseducampus.org,4,
bitskurnool.edu.in,4,
bkps.edu,4,
blr.amrita.edu,4,
bnca.ac.in,4,
boxrec.com,4,
bubhopal.nic.in,4,
bulandshahr.mit.asia,4,
bullayyacollege.org,4,
bus.hkbu.edu.hk,4,
bvmengineering.ac.in,4,
bvrit.ac.in,4,
career.mst.edu,4,
catalog.industrialspec.com,4,
cbit.ac.in,4,
ceg.annauniv.edu,4,
cetacademicprograms.com,4,
ci.madras.or.us,4,
ciemcal.org,4,
cit.edu.in,4,
citci.org,4,
citech.edu.in,4,
cits.chaitanyacolleges.com,4,
civilcmrtc.wix.com,4,
cjits.org,4,
cmec07-it.hpage.com,4,
cmrtc.ac.in,4,
cms.sinhgad.edu,4,
coer.ac.in,4,
coewpune.bharatividyapeeth.edu,4,
cofa.bharatividyapeeth.edu,4,
college.therinthukol.com,4,
collegedunia.com,4,
copmumbai.bharatividyapeeth.edu,4,
coventryone.com,4,
cr.yp.to,4,
cran.r-project.org,4,
crescentengineeringllc.com,4,
crvits.ac.in,4,
csitdurg.in,4,
csvtu.ac.in,4,
cumminscollege.org,4,
cvr.ac.in,4,
cvrce.edu.in,4,
daffodilvarsity.edu.bd,4,
dargahajmer.com,4,
davangereuniversity.ac.in,4,
dayanandasagar.edu,4,
dbatuonline.com,4,
dcrustm.ac.in,4,
deccancollege.ac.in,4,
degree.pvpitsangli.edu.in,4,
dgc.edu.in,4,
dictionary.cambridge.org,4,
duke.edu,4,
dvr.ac.in,4,
dypcoeakurdi.ac.in,4,
ecb.ac.in,4,
ecbharatpur.ac.in,4,
education.jlab.org,4,
edusanjal.com,4,
eit-ae.academia.edu,4,
elearning.vtu.ac.in,4,
elenkiinstitute.com,4,
en.cufe.edu.cn,4,
en.hust.edu.vn,4,
en.micoe.com,4,
en.sbu.ac.ir,4,
en.uestc.edu.cn,4,
en.ustc.edu.cn,4,
en.xidian.edu.cn,4,
eng.cycu.edu.tw,4,
engg.amu.ac.in,4,
engg.dypvp.edu.in,4,
engg.entrancecorner.com,4,
engineering.dartmouth.edu,4,
engineering.illinois.edu,4,
engineering.mit.edu,4,
engineering.nd.edu,4,
engineering.nmims.edu,4,
english.bupt.edu.cn,4,
english.jnu.edu.cn,4,
english.pku.edu.cn,4,
exam.unipune.ac.in,4,
exams.keralauniversity.ac.in,4,
extensions.joomla.org,4,
fedcsis.org,4,
fetagracollege.org,4,
fff.org,4,
ffxiv.consolegameswiki.com,4,
files.sma.de,4,
find.explainwords.com,4,
flightaware.com,4,
ftemsu-placements.org,4,
futureengineering.in,4,
future-technology.in,4,
gbpuat-in.academia.edu,4,
gcelabschool.com,4,
gec2015.wordpress.drake.edu,4,
gecbvn.ac.in,4,
gecgudlavalleru.ac.in,4,
gecgwl.org,4,
geckkd.ac.in,4,
gecpatan.org,4,
gectcr.ac.in,4,
geethashishu.in,4,
genome.ucsc.edu,4,
ghrce.raisoni.net,4,
ghrcem.raisoni.net,4,
ghrcema.raisoni.net,4,
ghriet.raisoni.net,4,
gift.edu.in,4,
gitjaipur.com,4,
gits.ac.in,4,
git-scm.com,4,
gkv.ac.in,4,
globe.edu,4,
gmcmiraj.co.in,4,
gndu.ac.in,4,
gnecorp.org,4,
gniindia.org,4,
gnindia.dronacharya.info,4,
gniotgroup.edu.in,4,
gopuc.com,4,
gprcp.ac.in,4,
gpullareddy.in,4,
greenvalleyranch.sclv.com,4,
gsmozecoe.org,4,
gtu.edu,4,
gvpce.ac.in,4,
gvpcew.ac.in,4,
gzsptucampus.org,4,
hce.ac.in,4,
hcet.info,4,
hcst.edu.in,4,
hec.edu.in,4,
hgce.org,4,
hindustanuniv.ac.in,4,
hindusthan.net,4,
hits.ac.in,4,
hnbgu.ac.in,4,
hpuiitshimla.org,4,
icoer.in,4,
ict.illinois.edu,4,
iec.edu.in,4,
iem.edu.in,4,
iert.gr8asia.in,4,
ies.ipsacademy.org,4,
ietlucknow.edu,4,
igitgroup.org,4,
imsnoida.in,4,
in.viadeo.com,4,
indiraicem.ac.in,4,
indoreinstitute.com,4,
info.worldbank.org,4,
infyc.com,4,
ink361.com,4,
intellengg.ac.in,4,
ioe.edu.np,4,
ipu.ac.in,4,
itmindia.edu,4,
jaipur.manipal.edu,4,
jamiahamdard.edu,4,
jbitmedpro.com,4,
jcet.co.in,4,
jcet.umbc.edu,4,
jec.ac.in,4,
jecc.ac.in,4,
jecrcuniversity.edu.in,4,
jipmer.edu.in,4,
jitsmagazine.com,4,
jmi.ac.in,4,
jmit.ac.in,4,
jnit.org,4,
jnnce.ac.in,4,
jntua.ac.in,4,
jntuacea.ac.in,4,
jntuadap.ac.in,4,
jntuh.ac.in,4,
jntuhcej.ac.in,4,
jntuk.edu.in,4,
jntuk.edu.in:8080,4,
jntukucev.ac.in,4,
jodhpurnationaluniversity.com,4,
jspm.edu.in,4,
jspm.io,4,
jssatemauritius.com,4,
kabconsultants.com,4,
kakatiya.ac.in,4,
karnataka.org.uk,4,
kce.ac.in,4,
kec.ac.in,4,
kirc.ac.in,4,
kitcoek.in,4,
kitsgnt.com,4,
kmit.com,4,
knmiet.edu,4,
kpriet.ac.in,4,
krec.ky.gov,4,
kvsrsiddharthapharma.edu.in,4,
kyungnam.academia.edu,4,
laqshya.academia.edu,4,
lcetldh.com,4,
ldce.ac.in,4,
leelaeducationsociety.org,4,
liet-international.com,4,
limat.com,4,
litnagpur.org,4,
lmcp.in,4,
louisville.edu,4,
loyolaacademyugpg.ac.in,4,
luk.org,4,
m.sharda.ac.in,4,
mait.it,4,
mallareddyecw.com,4,
manipal.edu,4,
matrix-edu.com,4,
mce.edu.in,4,
mcetonline.com,4,
mdurohtak.ac.in,4,
media.bvb.edu,4,
medical.dpu.edu.in,4,
medicaps-institute.ac.in,4,
mesgarwarecollege.org,4,
methodist.edu.in,4,
meu.edu.in,4,
mgit.ac.in,4,
mgmmumbai.ac.in,4,
mistech.ac.in,4,
mitcoe.edu.in,4,
mith.ac.in,4,
mithibai.ac.in,4,
mitindore.co.in,4,
mitsgwalior.in,4,
mjcollege.ac.in,4,
mlritm.ac.in,4,
moderncoe.edu.in,4,
monogenicdiabetes.uchicago.edu,4,
montlieu.gcsnc.com,4,
mopvc.edu.in,4,
mrce.ac.in,4,
mrits.ac.in,4,
mriu.edu.in,4,
msec.edu.in,4,
msit.northwestern.edu,4,
msu.edu,4,
muskie.usm.maine.edu,4,
muziekweekend.pesse.com,4,
nandhatech.org,4,
narayana.io,4,
nationalitc.com,4,
nau.edu.ua,4,
ncce.edu,4,
ncet.org,4,
necnellore.com,4,
newhorizonindia.edu,4,
newyork.mets.mlb.com,4,
nhitm.org,4,
niec.org,4,
nieonline.com,4,
nifft.ac.in,4,
nitte.edu.in,4,
nmamit.nitte.edu.in,4,
nobelcollege.edu.np,4,
nowrosjeewadiacollege.edu.in,4,
ntruhs.ap.nic.in,4,
orthoinfo.aaos.org,4,
osu.ppy.sh,4,
ow.umz.ac.ir,4,
pages.stern.nyu.edu,4,
pca.ac.in,4,
pccscampus.com,4,
pcktu.com,4,
pda.hkesociety.org,4,
pdit.ac.in,4,
pes.edu,4,
pes.konami.com,4,
pesit.pes.edu,4,
pesitsouth.pes.edu,4,
pestrust.edu.in,4,
pharmacy.rvshs.ac.in,4,
pharmacy.wisc.edu,4,
pickacollege.digit.in,4,
pics.coldline.hu,4,
pict.edu,4,
pitujjain.in,4,
prabook.org,4,
pragati.ac.in,4,
prakasamec.com,4,
prathyusha.edu.in,4,
princedrkvasudevan.com,4,
princevenkateshwara.com,4,
prrp.in,4,
puchd.ac.in,4,
pvgcoet.ac.in,4,
quantum.edu.in,4,
rajagiri.ac.in,4,
rcciit.org,4,
rcee.ac.in,4,
rcpit.ac.in,4,
recw.ac.in,4,
registrar.ua.edu,4,
research.chem.psu.edu,4,
research.ics.aalto.fi,4,
research.vtu.ac.in,4,
result.uniraj.ac.in,4,
reva.edu.in,4,
rgit.edu.au,4,
rgitnandyal.com,4,
rivervalleyranch.com,4,
rkce.in,4,
rku.ac.in,4,
rmd.ac.in,4,
rmkcet.ac.in,4,
rural.nic.in,4,
saace.ac.in,4,
saffrony.ac.in,4,
saiengr.com,4,
saintannsny.org,4,
saintgits.org,4,
sairam.edu.in,4,
saividya.ac.in,4,
sakshieducation.com,4,
samskruti.ac.in,4,
sanjivanicoe.org.in,4,
savenist.org,4,
sbit.ac.in,4,
sce.edu.in,4,
school.cucas.edu.cn,4,
scroll.in,4,
sdmmedicalcollege.org,4,
set.jainuniversity.ac.in,4,
sgbitbgm.in,4,
shivajiraojondhalecoe.org.in,4,
sid.edu.in,4,
siddarthaedu.in,4,
siet.ac.in,4,
sigma.ac.in,4,
singhaniauniversity.co.in,4,
sites.laverne.edu,4,
sjbit.edu.in,4,
sjcemysore.org,4,
skcet.ac.in,4,
skec.ac.in,4,
smims.sreemookambikainstitute.com,4,
smu.edu.in,4,
smvdu.net.in,4,
sndt.ac.in,4,
snu.edu,4,
snu.edu.in,4,
soe.cusat.ac.in,4,
sol.du.ac.in,4,
spu.edu,4,
srcoem.com,4,
srecwarangal.ac.in,4,
sreedattha.ac.in,4,
sreyas.ac.in,4,
sriaditya.edu.in,4,
srichaitanya.net,4,
sriramec.edu.in,4,
sritw.org,4,
srmcem.ac.in,4,
srmeaswari.ac.in,4,
srmu.ac.in,4,
ssa1.ccny.cuny.edu,4,
sscet.net,4,
sscet.org.in,4,
ssec.ac.in,4,
ssgpurch.puchd.ac.in,4,
ssit.edu.in,4,
sssihl.edu.in,4,
ssvpsengg.ac.in,4,
stmarysgroup.in,4,
stmichaelskannur.com,4,
stocktwits.com,4,
stpetersucc.com,4,
su.digitaluniversity.ac,4,
sunclub.amrita.ac.in,4,
sves-srpt.ac.in,4,
svits.svgipsar.org,4,
svitvasad.ac.in,4,
swamidevidyal.ac.in,4,
sydenham.ac.in,4,
symbiosiscollege.edu.in,4,
tagoreengg.edu.in,4,
tcsc.org.in,4,
techfest.gtu.ac.in,4,
thebges.edu.in,4,
tict.edu.in,4,
titbhopal.net,4,
tkmce.ac.in,4,
tkrcet.ac.in,4,
tkrec.ac.in,4,
tmbu.org,4,
tribhuvan-university.edu.np,4,
tunein.com,4,
ucet.ac.in,4,
ucoe.ac.in,4,
ucsd.edu,4,
uicet.puchd.ac.in,4,
uitrgpv.ac.in,4,
uktech.ac.in,4,
unipune.ac.in,4,
uou.ac.in,4,
upgcm.ac.in,4,
utsa.edu,4,
uvcebangalore.ac.in,4,
uvcebangalore.org,4,
vagdevieng.com,4,
vbithyd.ac.in,4,
vcet.ac.in,4,
vcet.edu.in,4,
vcet.gmu.edu,4,
vdrit.org,4,
velammalitech.edu.in,4,
vesit.edu,4,
vier.org.in,4,
vignanlara.org,4,
vijayacollege.ac.in,4,
vikasinstitutionsnunna.org,4,
vitskavali.in,4,
vivekananda.org,4,
vivekanandgroup.com,4,
viz.jntuk.edu.in,4,
vjit.ac.in,4,
vnrvjiet.ac.in,4,
vssut.ac.in,4,
vtu.ac.in,4,
vvpedulink.ac.in,4,
vvpgroup.com,4,
web.mit.edu,4,
wiki.teamliquid.net,4,
wisewe.com,4,
witsolapur.org,4,
wnis.com,4,
wpcarey.asu.edu,4,
www.aait.edu.et,4,
www.aau.ac.in,4,
www.abc.net.au,4,
www.abcam.com,4,
www.abes.ac.in,4,
www.academia.edu,4,
www.academica.rec.uba.ar,4,
www.accet.edu.in,4,
www.accurate.in,4,
www.aceec.ac.in,4,
www.acehardware.com,4,
www.acetamritsar.ac.in,4,
www.acetamritsar.org,4,
www.acharya.ac.in,4,
www.acpce.org,4,
www.acropolis.in,4,
www.acsce.edu.in,4,
www.adamscomm.com,4,
www.adamsenggcollege.ac.in,4,
www.adcet.in,4,
www.adhiyamaan.ac.in,4,
www.adishankara.ac.in,4,
www.adit.ac.in,4,
www.advisorperspectives.com,4,
www.aeaweb.org,4,
www.aec.edu.in,4,
www.aecagra.org,4,
www.aecwb.edu.in,4,
www.aeit.it,4,
www.aesi-hyd.com,4,
www.aetonline.org,4,
www.agrasencollege.ac.in,4,
www.ahduni.edu.in,4,
www.aiemd.org,4,
www.aiems.in,4,
www.aiems.org,4,
www.aiet.in,4,
www.aiht.ac.in,4,
www.aiht.edu,4,
www.aiishmysore.in,4,
www.aissmscoe.com,4,
www.aissmsioit.org,4,
www.ait.ac.th,4,
www.aitchikmagalur.ac.in,4,
www.aitindia.in,4,
www.aitpune.com,4,
www.aitr.ac.in,4,
www.aits.uillinois.edu,4,
www.ajce.in,4,
www.akgec.in,4,
www.akrgengineering.ac.in,4,
www.alameer.in,4,
www.allduniv.ac.in,4,
www.allindiaopenings.com,4,
www.alllaw.com,4,
www.alpha-cet.in,4,
www.amain.com,4,
www.ambalacollege.com,4,
www.amcgroup.edu.in,4,
www.amctheatres.com,4,
www.americangirl.com,4,
www.ametuniv.ac.in,4,
www.amity.edu,4,
www.amrita.edu,4,
www.amruthalatha.com,4,
www.amu.ac.in,4,
www.amu.apus.edu,4,
www.anandamohancollege.ac.in,4,
www.ancpatna.com,4,
www.andhracolleges.com,4,
www.andhrauniversity.edu.in,4,
www.andhrauniversity.info,4,
www.andtv.com,4,
www.angrau.ac.in,4,
www.anits.edu.in,4,
www.anjumanengg.edu.in,4,
www.annanurse.org,4,
www.ansaluniversity.edu.in,4,
www.anu.edu.au,4,
www.apeejay.edu,4,
www.apied.edu.in,4,
www.apiit.edu.in,4,
www.apsce.ac.in,4,
www.apsit.org.in,4,
www.apu.ac.jp,4,
www.archdaily.com,4,
www.arjunengg.org,4,
www.arunai.org,4,
www.aryacollege.in,4,
www.aryainstitutejpr.com,4,
www.ascet.org,4,
www.ase.com,4,
www.ashanet.org,4,
www.asiapacific.edu,4,
www.asti.edu.in,4,
www.astratoy.org,4,
www.atharvamumbai.com,4,
www.atri.edu.in,4,
www.atri.org,4,
www.atria.edu,4,
www.atsdr.cdc.gov,4,
www.aubit.edu.in,4,
www.aucev.edu.in,4,
www.audisankara.ac.in,4,
www.audisankarait.ac.in,4,
www.aurora.ac.in,4,
www.aurora.edu,4,
www.aurora.in,4,
www.aurora-il.org,4,
www.aust.edu,4,
www.avanset.com,4,
www.avanthi.edu.in,4,
www.avantisnormal.com,4,
www.avinuty.ac.in,4,
www.avit.ac.in,4,
www.avsenggcollege.ac.in,4,
www.b.tech.com.eg,4,
www.babson.edu,4,
www.bamu.ac.in,4,
www.bamu.net,4,
www.banasthali.org,4,
www.baou.edu.in,4,
www.bbdit.edu.in,4,
www.bce.ac.in,4,
www.bcetdgp.ac.in,4,
www.bcetgsp.ac.in,4,
www.bcetorissa.org,4,
www.bckv.edu.in,4,
www.bdce.edu.in,4,
www.bdu.ac.in,4,
www.beatlivertumors.org,4,
www.becbapatla.ac.in,4,
www.becbgk.edu,4,
www.besusalonandspa.com,4,
www.bfcet.com,4,
www.bfuhs.ac.in,4,
www.bhaigurdas.com,4,
www.bhajarangenggcollege.org,4,
www.bharathuniv.ac.in,4,
www.bharatividyapeeth.edu,4,
www.bhc.edu,4,
www.bhsbiet.ac.in,4,
www.biet.ac.in,4,
www.b-iet.ac.in,4,
www.bietdvg.edu,4,
www.bietedu.in,4,
www.bietjhs.ac.in,4,
www.bietsuri.ac.in,4,
www.biography.com,4,
www.biomedical.edu.np,4,
www.birlainstitute.co.in,4,
www.bist.ca,4,
www.bit.edu.in,4,
www.bitcollege.org,4,
www.bitdurg.ac.in,4,
www.bitm.edu.in,4,
www.bitm.org.in,4,
www.bitpharmacy.com,4,
www.bits.edu.in,4,
www.bitsathy.ac.in,4,
www.bitsindri.ac.in,4,
www.bitswgl.ac.in,4,
www.bkbiet.ac.in,4,
www.blackveilbrides.net,4,
www.bldeacet.ac.in,4,
www.bmcc.ac.in,4,
www.bmitjaipur.org,4,
www.bms.com,4,
www.bmsce.ac.in,4,
www.bmsce.in,4,
www.bmscemuktsar.com,4,
www.bmsit.in,4,
www.bmsit.org.in,4,
www.bncoepusad.ac.in,4,
www.bnmit.org,4,
www.bomma.ac.in,4,
www.bookspar.com,4,
www.bpitindia.com,4,
www.bppimt.ac.in,4,
www.bput.ac.in,4,
www.bracu.ac.bd,4,
www.brecw.ac.in,4,
www.bsauniv.ac.in,4,
www.bsit.org.in,4,
www.btlit.ac.in,4,
www.b-u.ac.in,4,
www.bubhopal.nic.in,4,
www.buet.ac.bd,4,
www.bugbeesdjplus.com,4,
www.buit.ac.in,4,
www.bujhansi.org,4,
www.buruniv.ac.in,4,
www.bvb.edu,4,
www.bvc.com.co,4,
www.bvcoend.ac.in,4,
www.bvcoenm.org.in,4,
www.bvk.com,4,
www.bvmcong.org,4,
www.bvmengineering.ac.in,4,
www.bvp.com,4,
www.bvrit.ac.in,4,
www.bvu.edu,4,
www.bvucoepune.edu.in,4,
www.bwec.ac.in,4,
www.caet.org.in,4,
www.cambridgeenglish.org,4,
www.campbell.edu,4,
www.carecollege.com,4,
www.casalunabali.com,4,
www.cbit.ac.in,4,
www.cbtv.ac.in,4,
www.ccet.ac.in,4,
www.ccewngp.org,4,
www.ccsuniversity.ac.in,4,
www.cdgi.edu.in,4,
www.cdlmgec.org,4,
www.ceadoor.ihrd.ac.in,4,
www.ceb.ac.in,4,
www.cec.sped.org,4,
www.cecbilaspur.ac.in,4,
www.cecc.co.in,4,
www.ceconline.edu,4,
www.cecri.res.in,4,
www.cegworldwide.com,4,
www.cemkolaghat.org,4,
www.cemunnar.ac.in,4,
www.cepn.asso.fr,4,
www.cept.ac.in,4,
www.cet.ac.in,4,
www.cet.edu.in,4,
www.cethalassery.ac.in,4,
www.cfainstitute.org,4,
www.cgc.edu.in,4,
www.charusat.ac.in,4,
www.chitkara.edu.in,4,
www.christuniversity.in,4,
www.cia.gov,4,
www.ciet.ac.in,4,
www.ciet.org,4,
www.cietcbe.edu.in,4,
www.cis.upenn.edu,4,
www.cit.ac.in,4,
www.cit.uscourts.gov,4,
www.citchennai.edu.in,4,
www.citm.com.cn,4,
www.cittrucks.com,4,
www.citvt.com,4,
www.cityengineeringcollege.ac.in,4,
www.ckpcet.ac.in,4,
www.cmc.edu.bd,4,
www.cmec.coop,4,
www.cmrcet.org,4,
www.cmrcp.org,4,
www.cmrit.ac.in,4,
www.cmritonline.org,4,
www.coeit.kces.in,4,
www.coep.org.in,4,
www.coe-roorkee.com,4,
www.coeshahada.ac.in,4,
www.coet.in,4,
www.collegeholkar.org,4,
www.complaintboard.in,4,
www.crec.org,4,
www.crkimr.in,4,
www.cs.bu.edu,4,
www.cs.colostate.edu,4,
www.cse-semaphore.com,4,
www.csiit-sap.ac.in,4,
www.cspitec.com,4,
www.csuniv.edu,4,
www.csvtu.ac.in,4,
www.ctae.ac.in,4,
www.cuchd.in,4,
www.cuet.ac.bd,4,
www.cummins.com,4,
www.cumminscollege.org,4,
www.cusat.ac.in,4,
www.cutm.ac.in,4,
www.cvr.ac.in,4,
www.cvrgi.edu.in,4,
www.cvrweb.com,4,
www.cvsr.ac.in,4,
www.cvsr.com,4,
www.daiict.ac.in,4,
www.dauniv.ac.in,4,
www.dav.org,4,
www.davchd.com,4,
www.davietjal.org,4,
www.davietpalamau.org,4,
www.dbit.co.in,4,
www.dbit.in,4,
www.dbrau.ac.in,4,
www.dbskkv.org,4,
www.dbuniversity.ac.in,4,
www.dce-edu.com,4,
www.dcrustm.ac.in,4,
www.ddu.ac.in,4,
www.decatur-parks.org,4,
www.deccancollege.ac.in,4,
www.dei.ac.in,4,
www.delhi.edu,4,
www.detail.ch,4,
www.dias.ac.in,4,
www.diet.ac.in,4,
www.dietakp.com,4,
www.dietindia.org,4,
www.dietmeerut.com,4,
www.dietms.org,4,
www.ditmcollege.com,4,
www.dituniversity.edu.in,4,
www.dktes.com,4,
www.dmceinc.com,4,
www.dmimsu.edu.in,4,
www.domprojekt.hr,4,
www.donboscoprep.org,4,
www.dpespune.com,4,
www.drgmitmandya.org,4,
www.drkcet.edu.in,4,
www.drkist.edu.in,4,
www.drknails.com,4,
www.drmgrdu.ac.in,4,
www.drpec.edu.in,4,
www.dseg.org,4,
www.dsgroups.org,4,
www.dtu.dk,4,
www.du.ac.in,4,
www.du.edu,4,
www.dut.ac.za,4,
www.dvrcollege.com,4,
www.dypatil.edu,4,
www.dypkopeng.ac.in,4,
www.eastpoint.ac.in,4,
www.ecajmer.ac.in,4,
www.echeloninstitute.org,4,
www.eckankar.org,4,
www.eecweathertech.com,4,
www.engg.kkwagh.edu.in,4,
www.espol.edu.ec,4,
www.esut.edu.ng,4,
www.ethirajcollege.in,4,
www.euttaranchal.com,4,
www.eventbrite.com,4,
www.ewit.edu,4,
www.famt.ac.in,4,
www.fastonline.org,4,
www.fcrit.ac.in,4,
www.fdu.edu,4,
www.fe.up.pt,4,
www.fergusson.edu,4,
www.fisat.ac.in,4,
www.fit.edu,4,
www.fiu.edu,4,
www.flyreva.com,4,
www.fsm.ac.in,4,
www.futowines.com,4,
www.galgotiacollege.edu,4,
www.ganapathyeng.ac.in,4,
www.ganpatuniversity.ac.in,4,
www.gat.ac.in,4,
www.gauhati.ac.in,4,
www.gbpec.ac.in,4,
www.gbpec.edu.in,4,
www.gbpuat.ac.in,4,
www.gbpuat-tech.ac.in,4,
www.gbu.ac.in,4,
www.gcebargur.ac.in,4,
www.gcek.ac.in,4,
www.gcekarad.ac.in,4,
www.gcesalem.edu.in,4,
www.gcet.ac.in,4,
www.gcetjammu.org,4,
www.gcettb.org.in,4,
www.gcoea.ac.in,4,
www.gcoeara.ac.in,4,
www.gct.ac.in,4,
www.gct.com,4,
www.gctcportal.in,4,
www.gcu.edu,4,
www.gdcmumbai.org,4,
www.gdmm.ac.in,4,
www.gec.ac.in,4,
www.geca.ac.in,4,
www.gecarts.com,4,
www.gecbh.ac.in,4,
www.gecbharuch.com,4,
www.gecdahod.ac.in,4,
www.gecg28.ac.in,4,
www.gecjdp.ac.in,4,
www.gecraipur.ac.in,4,
www.gecskp.ac.in,4,
www.gecsurat.com,4,
www.gehu.ac.in,4,
www.gettarget.com,4,
www.getxim.com,4,
www.geu.ac.in,4,
www.ggits.org,4,
www.ggu.ac.in,4,
www.giet.ac.in,4,
www.giet.edu,4,
www.gist.edu.in,4,
www.git.edu,4,
www.gitam.edu,4,
www.gitm.ac.in,4,
www.gitma.org,4,
www.gits-gujarat.ac.in,4,
www.gjust.ac.in,4,
www.gkmcet.net.in,4,
www.gla.ac.in,4,
www.glbitm.org,4,
www.glstpes.com,4,
www.gmit.ie,4,
www.gmrgroup.in,4,
www.gmrit.org,4,
www.gndec.ac.in,4,
www.gndecbidar.in,4,
www.gndu.ac.in,4,
www.gnduaa.org,4,
www.gniindia.org,4,
www.gnit.ac.in,4,
www.gnithyd.ac.in,4,
www.gnits.ac.in,4,
www.gnkhalsa.edu.in,4,
www.gohachi.com,4,
www.gpcet.ac.in,4,
www.gprec.ac.in,4,
www.grcp.ac.in,4,
www.grd.org,4,
www.greatandhra.com,4,
www.griet.ac.in,4,
www.grittv.com,4,
www.gseb.org,4,
www.gsksjti.ac.in,4,
www.gtbit.org,4,
www.gtu.ac.in,4,
www.gtuinfo.in,4,
www.g-u.com,4,
www.gujaratuniversity.org.in,4,
www.gujcom.com,4,
www.gulfoil.com,4,
www.gvp.org,4,
www.gvpce.ac.in,4,
www.gyanvihar.org,4,
www.hbti.ac.in,4,
www.hcbyraghu.com,4,
www.hcc-nd.edu,4,
www.hcesonepat.org,4,
www.hcet.hitkarini.com,4,
www.hcii.cmu.edu,4,
www.hcmiu.edu.vn,4,
www.hcopgnt.com,4,
www.heritageit.edu,4,
www.herts.ac.uk,4,
www.hiet.org,4,
www.highereducationinindia.com,4,
www.himcs.edu.in,4,
www.hinduhumanrights.info,4,
www.hitam.org,4,
www.hithaldia.in,4,
www.hkbkeducation.org,4,
www.hlcollege.edu,4,
www.hmritm.org,4,
www.hpu.edu,4,
www.hpuniv.nic.in,4,
www.hqmc.marines.mil,4,
www.hr.msu.edu,4,
www.hrbust.edu.cn,4,
www.hsph.harvard.edu,4,
www.hss.edu,4,
www.hs-stm.org,4,
www.htcampus.com,4,
www.htec.ac.in,4,
www.hust.edu.cn,4,
www.hvpm.org,4,
www.iacr.org,4,
www.iare.ac.in,4,
www.iare.com,4,
www.ibshyderabad.org,4,
www.icai.org,4,
www.icbse.com,4,
www.icfaiuniversity.in,4,
www.ictm.org,4,
www.ictmumbai.edu.in,4,
www.iefr.edu.pk,4,
www.ieindia.org,4,
www.iem.com,4,
www.iemcal.com,4,
www.iep.utm.edu,4,
www.iesce.info,4,
www.iet.dauniv.ac.in,4,
www.ietalwar.com,4,
www.ietbhaddal.edu.in,4,
www.ietlucknow.edu,4,
www.ifheindia.org,4,
www.iftmuniversity.ac.in,4,
www.igdtuw.ac.in,4,
www.igef.net,4,
www.igitsarang.ac.in,4,
www.ignou.ac.in,4,
www.ihmctan.edu,4,
www.ihmpusa.net,4,
www.iiests.ac.in,4,
www.iietjind.com,4,
www.iift.edu,4,
www.iiitb.ac.in,4,
www.iiitdm.ac.in,4,
www.iiitdmj.ac.in,4,
www.iiitm.ac.in,4,
www.iilm.ac.in,4,
www.iimtindia.net,4,
www.iips.edu.in,4,
www.iipsindia.org,4,
www.iiserb.ac.in,4,
www.iiserkol.ac.in,4,
www.iisermohali.ac.in,4,
www.iiserpune.ac.in,4,
www.iitmkanpur.ac.in,4,
www.iitr.edu,4,
www.iiu.edu.pk,4,
www.iium.edu.my,4,
www.imcost.edu.in,4,
www.imsec.ac.in,4,
www.imt.com,4,
www.imu.edu.in,4,
www.indus.edu.pk,4,
www.indusuni.ac.in,4,
www.integraluniversity.ac.in,4,
www.iobm.edu.pk,4,
www.ipec.org.in,4,
www.ipsacademy.org,4,
www.ipu.org,4,
www.iranchamber.com,4,
www.irttech.ac.in,4,
www.isikun.edu.tr,4,
www.islengg.ac.in,4,
www.ismdhanbad.ac.in,4,
www.itb.ac.id,4,
www.ite.edu.sg,4,
www.iter.ac.in,4,
www.iter.org,4,
www.itesm.mx,4,
www.itm-college.eu,4,
www.itme.edu.pl,4,
www.itmindia.edu,4,
www.itmuniversity.ac.in,4,
www.itsbhiwani.com,4,
www.itsecgn.edu.in,4,
www.iuav.it,4,
www.iudehradun.edu.in,4,
www.iug.edu.gh,4,
www.iust.ac.ir,4,
www.iutripura.edu.in,4,
www.iztech.edu.tr,4,
www.jabincollege.com,4,
www.jaduniv.edu.in,4,
www.jagans.ac.in,4,
www.jaihindcollege.com,4,
www.jaincollege.ac.in,4,
www.jammuuniversity.in,4,
www.jayagc.org,4,
www.jayamukhi.com,4,
www.jbgroup.org.in,4,
www.jbiet.edu.in,4,
www.jbrec.edu.in,4,
www.jcetech.in,4,
www.jcpn.in,4,
www.jecjabalpur.ac.in,4,
www.jeckukas.org.in,4,
www.jecrcfoundation.com,4,
www.jeppiaarcollege.org,4,
www.jeppiaarinstitute.org,4,
www.jeppiaarmaamallan.in,4,
www.jgec.org,4,
www.jietjodhpur.com,4,
www.jiit.ac.in,4,
www.jiscollege.ac.in,4,
www.jits.ac.in,4,
www.jits.in,4,
www.jiwaji.edu,4,
www.jjsociety.org,4,
www.jkcc.ac.in,4,
www.jmc.ac.in,4,
www.jnafau.ac.in,4,
www.jnec.com,4,
www.jnec.org,4,
www.jnit.ac.in,4,
www.jnmc.edu,4,
www.jnnce.ac.in,4,
www.jntu.ac.in,4,
www.jntuanantapurresults.com,4,
www.jntucek.ac.in,4,
www.jntuhceh.ac.in,4,
www.jntuk.edu.in,4,
www.jntuportal.in,4,
www.jnvu.edu.in,4,
www.jpnce.ac.in,4,
www.jsb.ac.in,4,
www.jssateb.ac.in,4,
www.jssaten.ac.in,4,
www.jsscpooty.org,4,
www.jtmcoef.ac.in,4,
www.ju.edu,4,
www.juet.ac.in,4,
www.juit.ac.in,4,
www.juniv.edu,4,
www.justjared.com,4,
www.justsaysoccer.com,4,
www.jyotinivas.org,4,
www.kakatiya.ac.in,4,
www.kalasalingam.ac.in,4,
www.kanchiuniv.ac.in,4,
www.kannuruniversity.ac.in,4,
www.kanpuruniversity.org,4,
www.karunya.edu,4,
www.kashmiruniversity.net,4,
www.kaskaskia.edu,4,
www.kbtcoe.org,4,
www.kccoe.org,4,
www.kcea.ac.in,4,
www.kcea.org,4,
www.kcgcollege.ac.in,4,
www.kct.ac.in,4,
www.kctcu.org,4,
www.kdkce.edu.in,4,
www.kec.edu.np,4,
www.kecdesign.com,4,
www.kecua.ac.in,4,
www.keio.ac.jp,4,
www.kem.edu,4,
www.keralatourism.com,4,
www.keralauniversity.ac.in,4,
www.kgce.org,4,
www.kgec.edu.in,4,
www.kgkite.ac.in,4,
www.kgr.ac.in,4,
www.kiau.ac.ir,4,
www.kiet.edu,4,
www.kiit.ac.in,4,
www.kingsindia.net,4,
www.kitcoek.org,4,
www.kite.edu.in,4,
www.kits.edu,4,
www.kitsdivili.ac.in,4,
www.kitssingapuram.ac.in,4,
www.kitsw.ac.in,4,
www.kittiptur.ac.in,4,
www.kjit.org,4,
www.kjsedu.com,4,
www.kkr.com,4,
www.kkwagh.org,4,
www.klce.com,4,
www.kleit.ac.in,4,
www.klescet.ac.in,4,
www.kleuniversity.edu.in,4,
www.klnce.edu,4,
www.kluniversity.in,4,
www.klyuniv.ac.in,4,
www.kmcollege.ac.in,4,
www.kmit.in,4,
www.kngdmec.ac.in,4,
www.knit.ac.in,4,
www.knsit.com,4,
www.knust.edu.gh,4,
www.kodaitech.edu.in,4,
www.kongu.ac.in,4,
www.kpcb.com,4,
www.krct.ac.in,4,
www.krishnacollege.ac.in,4,
www.krishna-kiot.org,4,
www.krmmc.ac.in,4,
www.ksit.ac.in,4,
www.ksrct.ac.in,4,
www.kssem.edu.in,4,
www.ku.ac.bd,4,
www.ku.ac.th,4,
www.kuala-lumpur.ws,4,
www.kuce.ac.in,4,
www.kud.ac.in,4,
www.kuet.ac.bd,4,
www.kuleuven.be,4,
www.kunainital.ac.in,4,
www.kveg.in,4,
www.ladyirwin.edu.in,4,
www.lamar.edu,4,
www.last.fm,4,
www.lautech.edu.ng,4,
www.lbrce.ac.in,4,
www.ldrp.ac.in,4,
www.lendi.org,4,
www.letsintern.com,4,
www.liet.org,4,
www.limat.org,4,
www.lingayasuniversity.edu.in,4,
www.lis.illinois.edu,4,
www.lites.edu.in,4,
www.liu.se,4,
www.livemint.com,4,
www.ljinstitutes.org,4,
www.lkouniv.ac.in,4,
www.llim.edu,4,
www.lmu.edu,4,
www.lnctgroup.in,4,
www.lnctindore.com,4,
www.lnmiit.ac.in,4,
www.loyola.edu,4,
www.loyolacollege.edu,4,
www.lpu.in,4,
www.lsrsa.edu.in,4,
www.ltce.ltjss.net,4,
www.mace.ac.in,4,
www.macmillandictionary.com,4,
www.macscollege.com,4,
www.madmagazine.com,4,
www.maharajacolleges.org,4,
www.mait.ac.in,4,
www.managementparadise.com,4,
www.manavbhartiuniversity.edu.in,4,
www.mandaredusoc.org,4,
www.mans.edu.eg,4,
www.mapsofindia.com,4,
www.mapua.edu.ph,4,
www.marathimati.com,4,
www.marquette.edu,4,
www.marwadieducation.edu.in,4,
www.mass.gov,4,
www.mathrubhumi.com,4,
www.matrusri.edu.in,4,
www.mbcet.ac.in,4,
www.mbict.ac.in,4,
www.mbscet.org,4,
www.mcc.edu.in,4,
www.mce.edu.in,4,
www.mcehassan.ac.in,4,
www.mcet.in,4,
www.mcet.org,4,
www.mcgill.ca,4,
www.mckvie.edu.in,4,
www.mdu.com,4,
www.mec.ac.in,4,
www.mec.ca,4,
www.mecp.net.in,4,
www.mecsglobal.com,4,
www.mepco.com,4,
www.meri.org,4,
www.merriam-webster.com,4,
www.mesce.ac.in,4,
www.mescoepune.org,4,
www.met.edu,4,
www.methodistcol.edu,4,
www.metmuseum.org,4,
www.mgit.ac.in,4,
www.mgmcen.in,4,
www.mgmmumbai.ac.in,4,
www.mgmuhs.com,4,
www.mgscience.ac.in,4,
www.mgsubikaner.ac.in,4,
www.mgu.ac.in,4,
www.mgu.edu.in,4,
www.mhssce.ac.in,4,
www.mibmpune.com,4,
www.michigananimalhospital.com,4,
www.mictech.ac.in,4,
www.miet.ac.in,4,
www.mimit.org.uk,4,
www.mirandahouse.ac.in,4,
www.mist.ac.in,4,
www.mit.asia,4,
www.mitaoe.ac.in,4,
www.mitcoe.ac.in,4,
www.mitmuzaffarpur.org,4,
www.mitmysore.in,4,
www.mitpune.com,4,
www.mitra.ac.in,4,
www.mits.ac.in,4,
www.mitujjain.ac.in,4,
www.miuegypt.edu.eg,4,
www.mjpru.ac.in,4,
www.mkccollege.ac.in,4,
www.mkuniversity.org,4,
www.mlrinstitutions.ac.in,4,
www.mlrip.ac.in,4,
www.mlvti.ac.in,4,
www.mmcoe.edu.in,4,
www.mmec.com,4,
www.mmmut.ac.in,4,
www.mmumullana.org,4,
www.mnmjec.ac.in,4,
www.moderncollegegk.org,4,
www.moderncollegepune.com,4,
www.modyuniversity.ac.in,4,
www.mookambigai.ac.in,4,
www.morainevalley.edu,4,
www.mountcarmelcollegeblr.co.in,4,
www.moviemistakes.com,4,
www.mpuat.ac.in,4,
www.mrce.com,4,
www.mrcet.ac.in,4,
www.mrec.ac.in,4,
www.mrec.ms.gov,4,
www.mriet.ac.in,4,
www.mrips.co.in,4,
www.msajce-edu.in,4,
www.msec.ac.in,4,
www.msec.org.in,4,
www.msit.in,4,
www.msitcollege.org,4,
www.msrit.edu,4,
www.msubaroda.ac.in,4,
www.mudomaha.com,4,
www.muet.edu.pk,4,
www.muhs.ac.in,4,
www.muhs.edu,4,
www.mum.edu,4,
www.mumbaiindians.com,4,
www.mu-vit.eu,4,
www.mvgrce.com,4,
www.mvjce.edu.in,4,
www.mvn.edu.in,4,
www.mvsrec.edu.in,4,
www.myengg.com,4,
www.mywbut.com,4,
www.nagarjunaeducation.com,4,
www.nagarjunauniversity.ac.in,4,
www.nagpuruniversity.org,4,
www.naishaudiospeech.com,4,
www.nandhaengg.org,4,
www.nankai.edu.cn,4,
www.nant-ddu-lodge.co.uk,4,
www.narayanagroup.com,4,
www.nasdaq.com,4,
www.nbc.com,4,
www.nbkrist.org,4,
www.ncbi.nlm.nih.gov,4,
www.ncyu.edu.tw,4,
www.ndri.res.in,4,
www.nec.edu.np,4,
www.nedu.edu.cn,4,
www.neduet.edu.pk,4,
www.nehrucolleges.org,4,
www.nehu.ac.in,4,
www.nerist.ac.in,4,
www.netajipharm.com,4,
www.netlingo.com,4,
www.newhorizonindia.edu,4,
www.newpaltz.edu,4,
www.nfl.com,4,
www.nfpa.org,4,
www.ngu.ac.in,4,
www.nguoi-viet.com,4,
www.nid.edu,4,
www.nie.ac.in,4,
www.niecdelhi.ac.in,4,
www.niet.co.in,4,
www.niet.org,4,
www.nietians.com,4,
www.nimra.in,4,
www.nintendo.com,4,
www.niper.ac.in,4,
www.nirma.info,4,
www.nirmauni.ac.in,4,
www.niser.ac.in,4,
www.nishitha.in,4,
www.nist.edu,4,
www.nist.gov,4,
www.nit.ac.in,4,
www.nitie.edu,4,
www.nits.ac.in,4,
www.nizamcollege.ac.in,4,
www.nizamengineering.ac.in,4,
www.nju.edu.cn,4,
www.nmims.edu,4,
www.nmit.ac.in,4,
www.nmit.ac.nz,4,
www.nmrec.edu.in,4,
www.nmu.ac.in,4,
www.nmu.edu,4,
www.nnit.dk,4,
www.nnres.org,4,
www.novaenggjrg.ac.in,4,
www.npti.in,4,
www.nrcmec.org,4,
www.nrec.ri.cmu.edu,4,
www.nrigroupofcolleges.com,4,
www.nriit.ac.in,4,
www.nrinet.com,4,
www.nrtenggcollege.com,4,
www.nsecollege.org,4,
www.nssce.ac.in,4,
www.ntua.com,4,
www.nu.edu.pk,4,
www.nuvaedu.com,4,
www.nvpas.edu.in,4,
www.oec.ac.in,4,
www.ohchr.org,4,
www.oist.jp,4,
www.oistbpl.com,4,
www.otcmarkets.com,4,
www.ouct.ac.in,4,
www.owasp.org,4,
www.pallottihs.org,4,
www.park.edu,4,
www.parul.ac.in,4,
www.patnauniversity.ac.in,4,
www.pau.edu,4,
www.pbit.ac.in,4,
www.pccegoa.org,4,
www.pccoepune.com,4,
www.pce.ltjss.net,4,
www.pcet.ac.in,4,
www.pcet.co.in,4,
www.pcetnlr.com,4,
www.pctechguide.com,4,
www.pdaengg.com,4,
www.pdeacoem.com,4,
www.pdmce.ac.in,4,
www.pdn.ac.lk,4,
www.pdpu.ac.in,4,
www.pec.edu,4,
www.periyaruniversity.ac.in,4,
www.pes.edu,4,
www.pescemandya.org,4,
www.pescoe.ac.in,4,
www.piemr.edu.in,4,
www.piit.ac.in,4,
www.piit.us,4,
www.pirmec.com,4,
www.pit.ac.in,4,
www.pjms.com.pk,4,
www.pmids.org,4,
www.pmu.edu,4,
www.polyu.edu.hk,4,
www.pondiuni.edu.in,4,
www.poonarestaurant.com,4,
www.poornima.org,4,
www.port.ac.uk,4,
www.pravaraengg.org.in,4,
www.priyadarshini.net.in,4,
www.prmceam.ac.in,4,
www.prsu.ac.in,4,
www.pscmr.ac.in,4,
www.psg.fr,4,
www.psgpharma.ac.in,4,
www.psgtech.edu,4,
www.psit.ac.in,4,
www.psnacet.edu.in,4,
www.psncet.ac.in,4,
www.psr.edu.in,4,
www.ptu.ac.in,4,
www.ptuexam.com,4,
www.pu.edu.np,4,
www.pu.edu.pk,4,
www.punjabiuniversity.ac.in,4,
www.pvpcollege.com,4,
www.pvpitsangli.edu.in,4,
www.pvppcoe.ac.in,4,
www.pvpsiddhartha.ac.in,4,
www.pydah.org,4,
www.qiscet.edu.in,4,
www.raghueducational.org,4,
www.raghuinstech.com,4,
www.ragingbulledu.com,4,
www.rait.ac.in,4,
www.rait.com,4,
www.rajagiritech.ac.in,4,
www.rajalakshmi.org,4,
www.rand.org,4,
www.rapodar.ac.in,4,
www.rayatbahra.com,4,
www.rayatbahrauniversity.edu.in,4,
www.rayatshikshan.edu,4,
www.rcert.ac.in,4,
www.rcew.ac.in,4,
www.rdchjaipur.com,4,
www.rdnation.com,4,
www.rdnational.ac.in,4,
www.regencyengg.com,4,
www.researchgate.net,4,
www.revainstitution.org,4,
www.rgcer.edu.in,4,
www.rgcesri.org,4,
www.rgcetpdy.ac.in,4,
www.rggi.org,4,
www.rgipt.ac.in,4,
www.rgit.ac.in,4,
www.rgit-usa.com,4,
www.rgpv.ac.in,4,
www.rguhs.ac.in,4,
www.rgukt.in,4,
www.rieit.ac.in,4,
www.riet.org,4,
www.riovestibular.com.br,4,
www.rit.ac.in,4,
www.rit.edu,4,
www.rit.edu.in,4,
www.ritchennai.org,4,
www.ritindia.edu,4,
www.ritm.gov.ph,4,
www.rits-co.com,4,
www.rjit.org,4,
www.rjspm.org,4,
www.rkdf.ac.in,4,
www.rkgit.edu.in,4,
www.rkmcnarendrapur.org,4,
www.rkmvc.ac.in,4,
www.rknec.edu,4,
www.rld.state.nm.us,4,
www.rmd.ac.in,4,
www.rmk.com,4,
www.rmk.com.au,4,
www.rmkec.ac.in,4,
www.rmlau.ac.in,4,
www.rnsit.ac.in,4,
www.roland.ac.in,4,
www.rowan.edu,4,
www.rrce.org,4,
www.rscoe.org,4,
www.rtu.ac.in,4,
www.ruet.ac.bd,4,
www.ruiacollege.edu,4,
www.rungtacolleges.com,4,
www.rvca.in,4,
www.rvce.edu.in,4,
www.rvrjcce.ac.in,4,
www.rvscet.com,4,
www.rxpgonline.com,4,
www.rymec.in,4,
www.sabanciuniv.edu,4,
www.sacet.ac.in,4,
www.sacred-texts.com,4,
www.sae.org,4,
www.saiaditya.edu.in,4,
www.saintgits.org,4,
www.sairam.edu.in,4,
www.sairamit.edu.in,4,
www.saisakthi.com,4,
www.saispurthi.ac.in,4,
www.sait.ca,4,
www.saitm.edu.lk,4,
www.sal.edu.in,4,
www.samatacollege.co.in,4,
www.sambhramit.com,4,
www.samsungappsn.xyz,4,
www.samundra.com,4,
www.sanchetihospital.org,4,
www.sandipfoundation.org,4,
www.sapthagiri.edu.in,4,
www.saranathan.ac.in,4,
www.sasi.ac.in,4,
www.sasiathome.org,4,
www.sasthaenggcollege.com,4,
www.sastra.edu,4,
www.sathyabamauniversity.ac.in,4,
www.sau.edu.bd,4,
www.saurashtrauniversity.edu,4,
www.saveetha.com,4,
www.sbjit.edu.in,4,
www.sc.gov,4,
www.scce.ac.in,4,
www.sce.com,4,
www.scec.ac.in,4,
www.scet.ac.in,4,
www.scet.in,4,
www.schoolfinder.co.in,4,
www.scoe.net,4,
www.scs.dauniv.ac.in,4,
www.sctce.ac.in,4,
www.sdbce.ac.in,4,
www.sdbct.ac.in,4,
www.sdes.ucf.edu,4,
www.sdmcet.ac.in,4,
www.sdmit.in,4,
www.sdmmag.com,4,
www.secs.ac.in,4,
www.seglko.org,4,
www.seoclerk.com,4,
www.seu.ac.bd,4,
www.sfc.ac.in,4,
www.sfc.edu,4,
www.sfitengg.org,4,
www.sgbau.ac.in,4,
www.sggs.ac.in,4,
www.sggsvb.org,4,
www.sginstitute.in,4,
www.sgmu.ru,4,
www.sgsitsindore.in,4,
www.sgtbkhalsadu.ac.in,4,
www.shahandanchor.com,4,
www.sharda.ac.in,4,
www.sharif.ir,4,
www.shiats.edu.in,4,
www.shift.edu.cn,4,
www.shobhituniversity.ac.in,4,
www.shop.ju-ju-be.com,4,
www.shriram.com,4,
www.shuuemura-usa.com,4,
www.sibm.edu,4,
www.sicet.org,4,
www.siddhantcoe.edu.in,4,
www.siddhartha.ac.in,4,
www.siddhartha.co.in,4,
www.sids.ac.in,4,
www.siesascn.edu.in,4,
www.siesascs.edu.in,4,
www.siescoms.edu,4,
www.siesedu.net,4,
www.siesgst.edu.in,4,
www.siesgst.net,4,
www.sietk.org,4,
www.sikh-history.com,4,
www.silicon.ac.in,4,
www.simhapuriuniv.ac.in,4,
www.sinhgad.edu,4,
www.sipnaengg.ac.in,4,
www.sircrrengg.ac.in,4,
www.sirjjarchitecture.org,4,
www.sirmvit.edu,4,
www.sit.ac.in,4,
www.sit.edu,4,
www.sitam.co.in,4,
www.sitams.org,4,
www.sitpune.edu.in,4,
www.sjbit.edu.in,4,
www.sjcecampus.org,4,
www.sjcemysore.org,4,
www.sjcit.ac.in,4,
www.sjcny.edu,4,
www.sjec.ac.in,4,
www.skasc.ac.in,4,
www.skcet.ac.in,4,
www.skct.edu.in,4,
www.skit.ac.in,4,
www.skit.edu.in,4,
www.skit.org.in,4,
www.skuniversity.org,4,
www.slc.edu.in,4,
www.slcgov.com,4,
www.slrtce.in,4,
www.smec.ac.in,4,
www.smit.com,4,
www.smu.edu,4,
www.smvdu.ac.in,4,
www.smvec.ac.in,4,
www.sndcoe.ac.in,4,
www.snpitrc.ac.in,4,
www.snsct.org,4,
www.soauniversity.ac.in,4,
www.softvision.co.in,4,
www.som.iitb.ac.in,4,
www.somaiya.edu,4,
www.sonatech.ac.in,4,
www.spa.ac.in,4,
www.spabhopal.ac.in,4,
www.spce.ac.in,4,
www.spceonline.org,4,
www.spcetuni.ac.in,4,
www.spcevng.ac.in,4,
www.spcollege.edu,4,
www.spec.org,4,
www.sphoorthyengg.com,4,
www.spit.ac.in,4,
www.spmvv.ac.in,4,
www.spsu.ac.in,4,
www.spsu.edu,4,
www.spuvvn.edu,4,
www.srbiau.ac.ir,4,
www.srcc.edu,4,
www.srec.ac.in,4,
www.srectrade.com,4,
www.sreenidhi.edu.in,4,
www.srideviengg.com,4,
www.sriindugroup.org,4,
www.sriinduinstitute.org,4,
www.srikrishnacollege.com,4,
www.srinivasgroup.com,4,
www.sripmscop.com,4,
www.sriramachandra.edu.in,4,
www.sriramanujar.ac.in,4,
www.srisivani.com,4,
www.srit.ac.in,4,
www.sritgroup.net,4,
www.srivasaviengg.ac.in,4,
www.srkit.in,4,
www.srkrec.ac.in,4,
www.srm.de,4,
www.srmasc.ac.in,4,
www.srmscet.edu,4,
www.srmuniv.ac.in,4,
www.srrec.ac.in,4,
www.srsect.edu.in,4,
www.srtist.ac.in,4,
www.srtmun.ac.in,4,
www.ssa.gov,4,
www.sscnet.ucla.edu,4,
www.sscoetjalgaon.ac.in,4,
www.ssec.wisc.edu,4,
www.ssgionline.com,4,
www.ssgmce.org,4,
www.ssietpatti.org,4,
www.ssimlko.com,4,
www.ssipmt.com,4,
www.ssit.edu.in,4,
www.ssits.ac.in,4,
www.ssjec.com,4,
www.ssn.edu.in,4,
www.sspmcoe.ac.in,4,
www.sst.com,4,
www.sstc.ac.in,4,
www.staloysius.edu.in,4,
www.stanleycollege.edu.au,4,
www.stcet.org,4,
www.stcyril.org,4,
www.stellamariscollege.org,4,
www.stephens.com,4,
www.stfrancis.edu,4,
www.stjohns.edu,4,
www.stjohnscollegespringfield.edu,4,
www.stjoseph-libertyville.org,4,
www.stjosephs.ac.in,4,
www.stmartin.edu,4,
www.stmarys-ca.edu,4,
www.stmarysgroup.com,4,
www.stmirascollegepune.edu.in,4,
www.stpetershyd.com,4,
www.ststephens.edu,4,
www.stthomas.edu,4,
www.stvincentngp.edu.in,4,
www.sus.edu.in,4,
www.svasa.org,4,
www.svbpmeerut.ac.in,4,
www.svc.ac.in,4,
www.svc.org,4,
www.svca.cc,4,
www.svccollege.in,4,
www.svce.ac.in,4,
www.svcolleges.edu.in,4,
www.svec.coop,4,
www.svecw.edu.in,4,
www.svhce.org.in,4,
www.sviet.ac.in,4,
www.svist.org,4,
www.svit.ac.in,4,
www.svits.ac.in,4,
www.svmit.ac.in,4,
www.svnit.ac.in,4,
www.svpcet.org,4,
www.svpec.edu.in,4,
www.svtemple.org,4,
www.svuce.edu.in,4,
www.svuce.org,4,
www.svuniversity.ac.in,4,
www.swamivivekanandcollege.net,4,
www.swarnandhra.ac.in,4,
www.sxca.edu.in,4,
www.sxccal.edu,4,
www.sydenham.ac.in,4,
www.symbiosis.ac.in,4,
www.sysu.edu.cn,4,
www.tabrizu.ac.ir,4,
www.tagore-engg.ac.in,4,
www.tamuk.edu,4,
www.tcarts.in,4,
www.tce.edu,4,
www.tcet.com,4,
www.tcetmumbai.in,4,
www.tctc.edu,4,
www.teamfuture.in,4,
www.technoindiagroup.com,4,
www.techradar.com,4,
www.terna.it,4,
www.terna.org,4,
www.teslarati.com,4,
www.tezu.ernet.in,4,
www.thechristcollege.edu,4,
www.theemcoe.org,4,
www.theiet.org,4,
www.thejec.org,4,
www.thenalanda.com,4,
www.thesims.com,4,
www.theverge.com,4,
www.thewordswith.com,4,
www.ticollege.ac.in,4,
www.tifr.res.in,4,
www.tilakayurved.org,4,
www.tiss.edu,4,
www.titsbhiwani.ac.in,4,
www.tkietwarana.org,4,
www.tkrec.ac.in,4,
www.tmecnrt.org,4,
www.tmv.edu.in,4,
www.tnau.ac.in,4,
www.tnmcnair.com,4,
www.tnmgrmu.ac.in,4,
www.tntech.edu,4,
www.tolani.edu,4,
www.trrinstitutions.edu.in,4,
www.trubainstitute.ac.in,4,
www.tsa-usa.org,4,
www.tsec.edu,4,
www.tsinghua.edu.cn,4,
www.tu.org,4,
www.tu-darmstadt.de,4,
www.tut.fi,4,
www.ua.edu,4,
www.uaf.edu,4,
www.uanl.mx,4,
www.ubdtce.org,4,
www.ucab.edu.ve,4,
www.uceou.edu,4,
www.ucet.ac.in,4,
www.ucet.in,4,
www.ucmo.edu,4,
www.uconline.edu,4,
www.udn.vn,4,
www.udps.org,4,
www.uecu.ac.in,4,
www.uetpeshawar.edu.pk,4,
www.ufmg.br,4,
www.ugc.ac.in,4,
www.uh.edu,4,
www.uic.edu,4,
www.uiet.puchd.ac.in,4,
www.uietkuk.org,4,
www.uiit.ac.in,4,
www.uitrgpv.ac.in,4,
www.umb.edu,4,
www.umd.edu,4,
www.umit.ac.in,4,
www.unicamp.org,4,
www.unigoa.ac.in,4,
www.uni-mysore.ac.in,4,
www.unipd.it,4,
www.uniraj.ac.in,4,
www.unishivaji.ac.in,4,
www.united.ac.in,4,
www.universityofcalicut.info,4,
www.universityymca.org,4,
www.univ-oeb.dz,4,
www.uohyd.ac.in,4,
www.uop.com,4,
www.upes.ac.in,4,
www.upg.org,4,
www.uptu.ac.in,4,
www.urmia.ac.ir,4,
www.usf.edu,4,
www.usgo.org,4,
www.usharama.com,4,
www.usjbluejays.com,4,
www.usm.edu,4,
www.utcb.ro,4,
www.utech.edu.jm,4,
www.utkaluniversity.ac.in,4,
www.uvpce.ac.in,4,
www.uws.edu.au,4,
www.vaishcollegeofeducation.com,4,
www.valliammai.co.in,4,
www.vardhaman.org,4,
www.vatican.va,4,
www.vaughn.edu,4,
www.vbce.ac.in,4,
www.vbit.co.in,4,
www.vce.ac.in,4,
www.vcethyd.ac.in,4,
www.vdc.edu.in,4,
www.velmultimedia.com,4,
www.velsuniv.ac.in,4,
www.veltechuniv.edu.in,4,
www.vemanait.edu.in,4,
www.vesip.org,4,
www.vgecg.ac.in,4,
www.vgi.ac.in,4,
www.vickramce.org,4,
www.vidyalankar.org,4,
www.vidyanikethan.edu,4,
www.vidyasagar.ac.in,4,
www.vifcollege.com,4,
www.viflearn.com,4,
www.vignaniit.com,4,
www.vignanitae.ac.in,4,
www.vignanits.ac.in,4,
www.vignannirula.org,4,
www.vignanpharma.com,4,
www.vignanuniversity.org,4,
www.vignanview.org,4,
www.viit.ac.in,4,
www.vikaspharmacy.ac.in,4,
www.vikramuniv.net,4,
www.vinayakamission.com,4,
www.viprotour.ca,4,
www.visit.ac.in,4,
www.visvabharati.ac.in,4,
www.visvodayata.ac.in,4,
www.vit.ac.in,4,
www.vit.edu,4,
www.vit.edu.in,4,
www.vitae.ac.uk,4,
www.vitam.fr,4,
www.vitamcoe.edu.in,4,
www.vitb.ac.in,4,
www.vits.ac.in,4,
www.vitsdpr.ac.in,4,
www.vitsgzb.com,4,
www.vitsinternational.com,4,
www.vitt.edu.in,4,
www.vitvalia.ac.in,4,
www.vivaims.org,4,
www.vjcet.ac.in,4,
www.vjti.ac.in,4,
www.vkits.org,4,
www.vmkvec.ac.in,4,
www.vnit.ac.in,4,
www.vnrvjiet.ac.in,4,
www.vnsgu.ac.in,4,
www.vnu.edu.vn,4,
www.vpcoe.org,4,
www.vpmthane.org,4,
www.vrcewarangal.org,4,
www.vrecedu.org,4,
www.vrsiddhartha.ac.in,4,
www.vsbec.com,4,
www.vtu.ac.in,4,
www.vtualerts.com,4,
www.vvce.ac.in,4,
www.vvit.in,4,
www.vvitguntur.com,4,
www.walchandsangli.ac.in,4,
www.washington.edu,4,
www.wbut.ac.in,4,
www.wctmgurgaon.com,4,
www.wedj.com,4,
www.wisec.co.in,4,
www.wit.net.in,4,
www.wits.ac.in,4,
www.wits.ac.za,4,
www.xavierengg.com,4,
www.xaviers.edu,4,
www.xaviersclub.net,4,
www.xing.com,4,
www.ycce.edu,4,
www.yildiz.edu.tr,4,
www.ymcaust.ac.in,4,
www.ymtcollegeofmanagement.org,4,
www.yogivemanauniversity.ac.in,4,
www.yust.edu,4,
yazd.ac.ir,4,
lsmu.edu.ua,44,
www.keil.com,f,e
www.nationmultimedia.com,f,e
www.uml.edu,f,e
berkeley.edu,f,f
cms.indstate.edu,f,f
cu.edu.eg,f,f
dartmouth.edu,f,f
en.azad.ac.ir,f,f
en.hit.edu.cn,f,f
en.sjtu.edu.cn,f,f
en.um.ac.ir,f,f
en.whu.edu.cn,f,f
eng.iauctb.ac.ir,f,f
english.dhu.edu.cn,f,f
english.semnan.ac.ir,f,f
english.sxu.edu.cn,f,f
english.tau.ac.il,f,f
english.whut.edu.cn,f,f
ev.buaa.edu.cn,f,f
illinois.edu,f,f
ju.edu.jo,f,f
ksu.edu.sa,f,f
mist.ac.bd,f,f
mup.asu.edu,f,f
noosphere.princeton.edu,f,f
okstate.edu,f,f
oregonstate.edu,f,f
oxford.emory.edu,f,f
shooliniuniversity.com,f,f
slc.berkeley.edu,f,f
suny.buffalostate.edu,f,f
tec.illinois.edu,f,f
twin-cities.umn.edu,f,f
ucdavis.edu,f,f
uconn.edu,f,f
umanitoba.ca,f,f
umich.edu,f,f
und.edu,f,f
uoregon.edu,f,f
w3.bilkent.edu.tr,f,f
web.iit.edu,f,f
web.ncku.edu.tw,f,f
wustl.edu,f,f
www.accessgambia.com,f,f
www.acem.edu.np,f,f
www.aiub.edu,f,f
www.alexu.edu.eg,f,f
www.allsaints.wa.edu.au,f,f
www.arizona.edu,f,f
www.asu.edu,f,f
www.aus.edu,f,f
www.auth.gr,f,f
www.bristol.ac.uk,f,f
www.buffalo.edu,f,f
www.byu.edu,f,f
www.calpoly.edu,f,f
www.campbellsville.edu,f,f
www.ceat.okstate.edu,f,f
www.chula.ac.th,f,f
www.cit.ie,f,f
www.clemson.edu,f,f
www.cmb.ac.lk,f,f
www.cmu.edu,f,f
www.colorado.edu,f,f
www.columbia.edu,f,f
www.cornell.edu,f,f
www.csus.edu,f,f
www.cugb.edu.cn,f,f
www.dailymotion.com,f,f
www.dmu.ac.uk,f,f
www.drexel.edu,f,f
www.du.ac.bd,f,f
www.duet.ac.bd,f,f
www.dundee.ac.uk,f,f
www.easternuni.edu.bd,f,f
www.eastwest.edu,f,f
www.ed.ac.uk,f,f
www.enmu.edu,f,f
www.farmingdale.edu,f,f
www.fau.edu,f,f
www.fresnostate.edu,f,f
www.fudan.edu.cn,f,f
www.futa.edu.ng,f,f
www.futminna.edu.ng,f,f
www.futo.edu.ng,f,f
www.gatech.edu,f,f
www.gcu.edu.pk,f,f
www.georgetown.edu,f,f
www.georgiasouthern.edu,f,f
www.giki.edu.pk,f,f
www.gsu.edu,f,f
www.hacettepe.edu.tr,f,f
www.hcmut.edu.vn,f,f
www.hec.ca,f,f
www.hse.ru,f,f
www.hud.ac.uk,f,f
www.hust.edu.vn,f,f
www.iastate.edu,f,f
www.imperial.ac.uk,f,f
www.istanbul.edu.tr,f,f
www.iub.edu,f,f
www.iub.edu.bd,f,f
www.iuj.ac.jp,f,f
www.iut.ac.ir,f,f
www.iutoic-dhaka.edu,f,f
www.javerianacali.edu.co,f,f
www.jerusalemengg.ac.in,f,f
www.kafcol.edu.np,f,f
www.kfupm.edu.sa,f,f
www.k-state.edu,f,f
www.ku.edu.af,f,f
www.ku.edu.np,f,f
www.lafayette.edu,f,f
www.lancaster.ac.uk,f,f
www.law.illinois.edu,f,f
www.leeds.ac.uk,f,f
www.leedsbeckett.ac.uk,f,f
www.liu.edu,f,f
www.louisiana.edu,f,f
www.lums.edu.pk,f,f
www.manchester.ac.uk,f,f
www.mba.illinois.edu,f,f
www.mdx.ac.uk,f,f
www.metu.edu.tr,f,f
www.msu.ru,f,f
www.mtu.edu,f,f
www.nccu.edu.tw,f,f
www.ncsu.edu,f,f
www.ndsu.edu,f,f
www.neusoft.edu.cn,f,f
www.njit.edu,f,f
www.northeastern.edu,f,f
www.northsouth.edu,f,f
www.northwestern.edu,f,f
www.nottingham.ac.uk,f,f
www.nsysu.edu.tw,f,f
www.nthu.edu.tw,f,f
www.ntu.edu.sg,f,f
www.ntu.edu.tw,f,f
www.ntua.gr,f,f
www.nus.edu.sg,f,f
www.nust.edu.pk,f,f
www.nyit.edu,f,f
www.nyu.edu,f,f
www.oauife.edu.ng,f,f
www.osu.edu,f,f
www.ou.edu,f,f
www.pace.edu,f,f
www.pdx.edu,f,f
www.plattsburgh.edu,f,f
www.polimi.it,f,f
www.princeton.edu,f,f
www.psu.edu,f,f
www.pub.ac.bd,f,f
www.puc.ac.bd,f,f
www.pucit.edu.pk,f,f
www.purdue.edu,f,f
www.qub.ac.uk,f,f
www.queensu.ca,f,f
www.ru.ac.bd,f,f
www.ruc.edu.cn,f,f
www.rutgers.edu,f,f
www.rvsrusohio.com,f,f
www.saintpeters.edu,f,f
www.sharjah.ac.ae,f,f
www.shu.edu.cn,f,f
www.snu.ac.kr,f,f
www.southalabama.edu,f,f
www.southtexascollege.edu,f,f
www.stamforduniversity.edu.bd,f,f
www.stanford.edu,f,f
www.stonybrook.edu,f,f
www.studyabroad18.com,f,f
www.sussex.ac.uk,f,f
www.sust.edu,f,f
www.swinburne.edu.au,f,f
www.syr.edu,f,f
www.szu.edu.cn,f,f
www.tamu.edu,f,f
www.tasgaonkartech.com,f,f
www.tcd.ie,f,f
www.teipir.gr,f,f
www.tesc.edu,f,f
www.theoxford.edu,f,f
www.tju.edu.cn,f,f
www.ttu.edu,f,f
www.tu-berlin.de,f,f
www.uabc.mx,f,f
www.uah.edu,f,f
www.uap-bd.edu,f,f
www.ubc.ca,f,f
www.ubiobio.cl,f,f
www.uc.edu,f,f
www.ucdenver.edu,f,f
www.ucf.edu,f,f
www.uclan.ac.uk,f,f
www.uct.ac.za,f,f
www.udel.edu,f,f
www.uet.edu.pk,f,f
www.uettaxila.edu.pk,f,f
www.ufv.ca,f,f
www.uhd.edu,f,f
www.ulg.ac.be,f,f
www.umass.edu,f,f
www.umhb.edu,f,f
www.uncc.edu,f,f
www.uniben.edu,f,f
www.uni-goettingen.de,f,f
www.unilag.edu.ng,f,f
www.uniport.edu.ng,f,f
www.uno.edu,f,f
www.uob.edu.pk,f,f
www.uok.edu.pk,f,f
www.upatras.gr,f,f
www.upenn.edu,f,f
www.upm.edu.my,f,f
www.upr.edu,f,f
www.upt.ro,f,f
www.usb.ve,f,f
www.usc.edu,f,f
www.usindh.edu.pk,f,f
www.usu.edu,f,f
www.ut.ac.ir,f,f
www.uta.edu,f,f
www.utah.edu,f,f
www.utexas.edu,f,f
www.uwi.edu,f,f
www.victoriacollege.edu,f,f
www.virginia.edu,f,f
www.vt.edu,f,f
www.watumull.edu,f,f
www.wisc.edu,f,f
www.wlv.ac.uk,f,f
www.wright.edu,f,f
www.zju.edu.cn,f,f
www.zjut.edu.cn,f,f
abu.edu.ng,,1
www.xnxx.com,,e
www.pec.ng.mil,,f
bernstein.harvard.edu,,fe
istonline.org.uk,,fe
www.at0086.com,,fe
www.cinemadesigngroup.com,,fe
www.payscale.com,,fe
www.reuters.com,,fe
scient.ac.in,,
www.geethanjaliinstitutions.com,,
www.velammal.edu.in,,
